time, AccX, AccY, AccZ, EulerX, EulerY, EulerZ
09:39:26:180,-0.040,-0.030,-0.300,-106.050,-66.920,2.160
09:39:26:212,-0.040,-0.030,-0.300,-106.050,-66.920,2.160
09:39:26:246,-0.010,0.060,-0.260,-106.620,-69.600,1.380
09:39:26:279,-0.010,0.060,-0.260,-106.620,-69.600,1.380
09:39:26:312,-0.010,-0.040,-0.330,-106.290,-71.470,-0.650
09:39:26:345,0.010,0.050,-0.330,-109.750,-70.900,0.370
09:39:26:379,0.010,0.050,-0.330,-109.750,-70.900,0.370
09:39:26:412,0.010,0.050,-0.400,-110.640,-77.550,0.420
09:39:26:445,0.010,0.050,-0.400,-110.640,-77.550,0.420
09:39:26:479,0.040,0.070,-0.410,-114.710,-79.960,-1.260
09:39:26:512,0.050,0.090,-0.420,-115.720,-80.000,-2.270
09:39:26:545,0.050,0.090,-0.420,-115.720,-80.000,-2.270
09:39:26:579,0.060,0.060,-0.470,-115.730,-83.330,-3.040
09:39:26:612,0.060,0.060,-0.470,-115.730,-83.330,-3.040
09:39:26:645,0.060,0.080,-0.500,-118.550,-84.830,-3.300
09:39:26:679,0.010,0.080,-0.530,-119.960,-85.830,-3.570
09:39:26:712,0.030,0.150,-0.540,-121.580,-87.060,-0.160
09:39:26:745,0.030,0.150,-0.540,-121.580,-87.060,-0.160
09:39:26:779,0.030,0.150,-0.540,-121.580,-87.060,-0.160
09:39:26:812,0.040,0.130,-0.600,-121.390,-89.810,-1.110
09:39:26:845,0.040,0.130,-0.600,-121.390,-89.810,-1.110
09:39:26:879,0.030,0.100,-0.620,-126.640,-90.190,-2.560
09:39:26:912,0.060,0.110,-0.600,-125.360,-91.150,-1.010
09:39:26:945,0.060,0.110,-0.600,-125.360,-91.150,-1.010
09:39:26:978,0.020,0.130,-0.640,-124.960,-92.360,-3.070
09:39:27:012,0.020,0.130,-0.640,-124.960,-92.360,-3.070
09:39:27:045,0.030,0.120,-0.640,-127.760,-92.950,-0.290
09:39:27:078,0.020,0.160,-0.680,-127.170,-92.740,-1.300
09:39:27:112,0.010,0.140,-0.690,-130.170,-94.620,-0.770
09:39:27:145,0.010,0.140,-0.690,-130.170,-94.620,-0.770
09:39:27:178,0.010,0.140,-0.690,-130.170,-94.620,-0.770
09:39:27:212,-0.010,0.120,-0.770,-127.410,-95.690,-0.320
09:39:27:245,-0.010,0.120,-0.770,-127.410,-95.690,-0.320
09:39:27:278,-0.020,0.200,-0.730,-131.500,-96.000,0.710
09:39:27:311,-0.040,0.160,-0.720,-132.700,-96.470,1.330
09:39:27:344,-0.040,0.160,-0.720,-132.700,-96.470,1.330
09:39:27:378,0.000,0.240,-0.740,-130.170,-96.420,1.900
09:39:27:411,0.000,0.240,-0.740,-130.170,-96.420,1.900
09:39:27:445,0.000,0.220,-0.690,-134.830,-96.180,-0.190
09:39:27:478,0.000,0.220,-0.690,-134.830,-96.180,-0.190
09:39:27:511,-0.030,0.260,-0.670,-130.050,-96.220,0.520
09:39:27:544,-0.030,0.260,-0.670,-130.050,-96.220,0.520
09:39:27:578,-0.030,0.260,-0.670,-130.050,-96.220,0.520
09:39:27:610,0.030,0.310,-0.700,-132.670,-96.730,1.630
09:39:27:644,0.040,0.320,-0.660,-134.720,-95.920,-2.620
09:39:27:677,0.040,0.240,-0.690,-133.210,-96.010,-2.980
09:39:27:710,0.020,0.220,-0.670,-130.100,-94.360,-2.390
09:39:27:744,0.020,0.220,-0.670,-130.100,-94.360,-2.390
09:39:27:778,0.020,0.230,-0.660,-129.560,-93.260,-1.200
09:39:27:811,0.020,0.230,-0.660,-129.560,-93.260,-1.200
09:39:27:844,-0.010,0.180,-0.680,-129.570,-92.460,-1.170
09:39:27:878,-0.010,0.180,-0.680,-129.570,-92.460,-1.170
09:39:27:911,-0.010,0.180,-0.680,-129.570,-92.460,-1.170
09:39:27:945,0.010,0.180,-0.690,-128.570,-92.620,0.810
09:39:27:978,0.020,0.190,-0.670,-129.050,-92.180,-0.860
09:39:28:011,-0.050,0.190,-0.630,-126.930,-91.850,-1.280
09:39:28:044,-0.050,0.190,-0.630,-126.930,-91.850,-1.280
09:39:28:077,-0.110,0.230,-0.420,-124.130,-91.660,3.700
09:39:28:111,0.020,0.000,-0.440,-108.300,-89.800,7.080
09:39:28:144,0.020,0.000,-0.440,-108.300,-89.800,7.080
09:39:28:177,0.020,0.000,-0.440,-108.300,-89.800,7.080
09:39:28:211,0.130,0.000,-0.350,-110.610,-88.370,-2.300
09:39:28:244,-0.020,-0.160,-0.300,-107.370,-85.960,-8.100
09:39:28:277,0.050,-0.030,-0.340,-104.000,-86.560,-0.080
09:39:28:310,0.030,0.020,-0.310,-107.610,-87.270,-3.220
09:39:28:343,0.030,0.020,-0.310,-107.610,-87.270,-3.220
09:39:28:377,0.000,0.000,-0.280,-106.630,-85.970,-1.380
09:39:28:411,0.000,0.000,-0.280,-106.630,-85.970,-1.380
09:39:28:444,0.010,-0.020,-0.280,-105.020,-87.290,0.080
09:39:28:477,0.010,-0.020,-0.250,-104.870,-87.590,-1.140
09:39:28:510,0.070,0.060,-0.260,-103.560,-86.160,-0.740
09:39:28:544,0.070,0.060,-0.260,-103.560,-86.160,-0.740
09:39:28:577,0.070,0.060,-0.260,-103.560,-86.160,-0.740
09:39:28:610,0.040,0.020,-0.260,-105.580,-85.640,-5.180
09:39:28:644,0.040,-0.010,-0.280,-104.600,-86.210,-1.860
09:39:28:677,0.020,0.000,-0.290,-106.020,-87.120,-2.350
09:39:28:710,0.020,0.070,-0.320,-106.310,-85.370,-0.840
09:39:28:744,0.020,0.070,-0.320,-106.310,-85.370,-0.840
09:39:28:777,0.090,0.020,-0.270,-108.580,-85.660,-1.830
09:39:28:810,0.090,0.020,-0.270,-108.580,-85.660,-1.830
09:39:28:843,0.080,0.010,-0.270,-104.460,-85.420,-6.310
09:39:28:877,0.070,0.040,-0.270,-104.600,-84.950,-4.360
09:39:28:910,0.080,0.010,-0.240,-104.860,-85.370,-4.130
09:39:28:943,0.080,0.010,-0.240,-104.860,-85.370,-4.130
09:39:28:977,0.080,0.010,-0.240,-104.860,-85.370,-4.130
09:39:29:010,0.080,-0.060,-0.240,-102.400,-85.730,-4.760
09:39:29:043,0.100,0.030,-0.220,-102.260,-85.220,-4.860
09:39:29:077,0.150,0.070,-0.180,-102.620,-85.360,-6.530
09:39:29:110,0.240,0.060,-0.120,-100.220,-84.090,-9.250
09:39:29:143,0.240,0.060,-0.120,-100.220,-84.090,-9.250
09:39:29:177,0.180,-0.090,-0.100,-96.200,-84.710,-15.000
09:39:29:209,0.180,-0.090,-0.100,-96.200,-84.710,-15.000
09:39:29:243,0.140,-0.030,-0.060,-95.360,-85.110,-8.440
09:39:29:276,0.160,0.020,-0.060,-92.650,-87.070,-7.610
09:39:29:310,0.200,0.030,-0.030,-93.440,-84.240,-9.440
09:39:29:343,0.200,0.030,-0.030,-93.440,-84.240,-9.440
09:39:29:376,0.200,0.030,-0.030,-93.440,-84.240,-9.440
09:39:29:409,0.220,0.030,-0.010,-90.920,-84.920,-12.100
09:39:29:443,0.220,0.030,-0.010,-90.920,-84.920,-12.100
09:39:29:476,0.190,-0.020,0.000,-89.950,-85.030,-12.860
09:39:29:510,0.170,-0.010,-0.020,-89.640,-86.030,-9.630
09:39:29:542,0.190,0.000,0.020,-91.180,-86.720,-9.390
09:39:29:576,0.240,-0.020,0.040,-87.560,-87.360,-10.510
09:39:29:609,0.240,-0.020,0.040,-87.560,-87.360,-10.510
09:39:29:643,0.240,-0.020,0.040,-87.560,-87.360,-10.510
09:39:29:675,-0.020,-0.380,-0.230,-88.290,-86.450,-13.330
09:39:29:709,0.070,0.110,-0.110,-94.920,-88.070,-9.200
09:39:29:743,0.070,-0.060,-0.240,-96.930,-91.390,-5.130
09:39:29:776,0.070,-0.060,-0.240,-96.930,-91.390,-5.130
09:39:29:809,-0.060,0.100,-0.270,-105.080,-89.240,-3.340
09:39:29:842,-0.070,0.050,-0.240,-106.890,-89.420,4.000
09:39:29:876,-0.070,0.050,-0.240,-106.890,-89.420,4.000
09:39:29:909,-0.070,0.030,-0.260,-103.830,-88.320,4.210
09:39:29:942,-0.090,0.040,-0.260,-105.980,-89.380,4.000
09:39:29:976,-0.060,-0.030,-0.230,-104.930,-88.900,5.350
09:39:30:009,-0.060,-0.030,-0.230,-104.930,-88.900,5.350
09:39:30:042,0.000,-0.050,-0.210,-102.790,-88.570,2.940
09:39:30:076,0.040,0.020,-0.200,-101.200,-87.820,-0.550
09:39:30:109,0.040,0.000,-0.170,-102.020,-87.760,-2.770
09:39:30:142,0.040,0.000,-0.170,-102.020,-87.760,-2.770
09:39:30:175,0.040,0.000,-0.170,-102.020,-87.760,-2.770
09:39:30:208,-0.010,0.020,-0.190,-99.590,-88.330,-1.980
09:39:30:242,-0.010,0.020,-0.190,-99.590,-88.330,-1.980
09:39:30:275,-0.020,-0.010,-0.170,-101.490,-88.270,0.850
09:39:30:309,-0.080,0.020,-0.080,-98.570,-88.840,3.560
09:39:30:342,-0.080,0.020,-0.080,-98.570,-88.840,3.560
09:39:30:375,-0.080,0.020,-0.080,-98.570,-88.840,3.560
09:39:30:408,-0.080,0.020,-0.080,-98.570,-88.840,3.560
09:39:30:442,-0.100,0.040,-0.060,-93.050,-88.040,3.900
09:39:30:475,0.060,-0.230,-0.240,-92.790,-86.660,5.800
09:39:30:509,0.240,-0.040,-0.240,-95.340,-80.620,-14.670
09:39:30:542,0.240,-0.040,-0.240,-95.340,-80.620,-14.670
09:39:30:575,0.170,0.080,-0.220,-104.430,-79.550,-12.470
09:39:30:609,0.170,0.080,-0.220,-104.430,-79.550,-12.470
09:39:30:642,0.080,0.080,-0.320,-103.320,-86.510,-9.680
09:39:30:675,0.090,0.030,-0.280,-109.540,-85.080,-3.810
09:39:30:708,0.110,0.080,-0.260,-104.400,-86.050,-5.170
09:39:30:742,0.110,0.080,-0.260,-104.400,-86.050,-5.170
09:39:30:775,0.110,0.080,-0.260,-104.400,-86.050,-5.170
09:39:30:808,0.120,0.020,-0.220,-105.400,-83.290,-6.330
09:39:30:842,0.120,-0.060,-0.230,-102.300,-84.880,-6.770
09:39:30:875,0.110,-0.020,-0.200,-102.290,-84.840,-6.340
09:39:30:908,0.160,0.060,-0.140,-100.910,-84.790,-6.040
09:39:30:942,0.160,0.060,-0.140,-100.910,-84.790,-6.040
09:39:30:975,0.210,0.080,-0.070,-97.600,-83.700,-9.840
09:39:31:008,0.210,0.080,-0.070,-97.600,-83.700,-9.840
09:39:31:042,0.210,0.080,-0.070,-97.600,-83.700,-9.840
09:39:31:075,0.250,0.130,-0.010,-94.200,-84.150,-12.470
09:39:31:108,0.280,0.160,0.020,-89.940,-85.710,-15.160
09:39:31:142,0.130,-0.210,-0.080,-87.500,-86.200,-17.690
09:39:31:175,0.130,-0.210,-0.080,-87.500,-86.200,-17.690
09:39:31:208,-0.270,-0.570,-0.050,-93.630,-88.210,-9.050
09:39:31:241,-0.010,0.020,-0.260,-93.680,-94.100,-9.410
09:39:31:274,0.000,-0.070,-0.010,-107.640,-89.050,3.410
09:39:31:308,-0.010,0.060,-0.190,-88.820,-88.690,-0.720
09:39:31:341,-0.010,0.060,-0.190,-88.820,-88.690,-0.720
09:39:31:375,0.040,-0.060,-0.090,-102.790,-86.040,1.100
09:39:31:408,0.040,-0.060,-0.090,-102.790,-86.040,1.100
09:39:31:441,0.040,-0.060,-0.090,-102.790,-86.040,1.100
09:39:31:475,0.010,-0.020,-0.120,-97.530,-87.010,-2.680
09:39:31:508,0.020,0.000,-0.140,-97.130,-88.390,-0.020
09:39:31:541,0.020,0.000,-0.140,-97.130,-88.390,-0.020
09:39:31:574,0.020,0.000,-0.140,-97.130,-88.390,-0.020
09:39:31:608,0.020,0.000,-0.140,-97.130,-88.390,-0.020
09:39:31:641,-0.010,-0.010,-0.160,-98.520,-89.310,0.630
09:39:31:674,0.010,0.000,-0.180,-99.260,-90.560,0.380
09:39:31:708,0.000,0.000,-0.210,-100.910,-89.610,-0.610
09:39:31:741,0.000,0.000,-0.210,-100.910,-89.610,-0.610
09:39:31:774,-0.040,0.010,-0.200,-102.270,-90.000,0.240
09:39:31:808,-0.040,0.010,-0.200,-102.270,-90.000,0.240
09:39:31:841,-0.030,-0.010,-0.200,-101.590,-90.370,2.280
09:39:31:874,-0.050,0.000,-0.200,-101.810,-89.660,0.990
09:39:31:907,-0.020,-0.040,-0.160,-100.780,-89.520,3.110
09:39:31:941,-0.020,-0.040,-0.160,-100.780,-89.520,3.110
09:39:31:974,-0.020,-0.040,-0.160,-100.780,-89.520,3.110
09:39:32:007,0.000,0.010,-0.160,-98.940,-89.670,0.870
09:39:32:041,-0.010,0.020,-0.160,-99.030,-89.170,-0.720
09:39:32:074,0.000,0.030,-0.130,-99.540,-88.730,0.660
09:39:32:107,-0.020,0.000,-0.110,-96.760,-89.070,-0.900
09:39:32:140,-0.020,0.000,-0.110,-96.760,-89.070,-0.900
09:39:32:174,-0.060,0.030,-0.060,-95.310,-89.030,1.240
09:39:32:207,-0.060,0.030,-0.060,-95.310,-89.030,1.240
09:39:32:240,-0.060,0.030,-0.060,-95.310,-89.030,1.240
09:39:32:274,0.050,-0.130,-0.180,-91.340,-87.030,-0.480
09:39:32:307,0.210,-0.160,-0.100,-98.120,-84.090,-2.510
09:39:32:340,0.210,-0.160,-0.100,-98.120,-84.090,-2.510
09:39:32:374,0.210,-0.160,-0.100,-98.120,-84.090,-2.510
09:39:32:407,0.040,-0.080,-0.220,-94.490,-85.350,-10.270
09:39:32:440,0.120,-0.020,-0.170,-101.900,-84.060,-1.670
09:39:32:474,0.170,0.030,-0.150,-98.210,-87.060,-7.650
09:39:32:506,0.140,0.000,-0.170,-98.830,-83.860,-10.390
09:39:32:540,0.140,0.000,-0.170,-98.830,-83.860,-10.390
09:39:32:573,0.120,0.040,-0.140,-99.820,-85.280,-7.660
09:39:32:606,0.120,0.040,-0.140,-99.820,-85.280,-7.660
09:39:32:640,0.190,0.040,-0.100,-97.380,-85.810,-7.260
09:39:32:673,0.170,0.000,-0.100,-95.780,-83.890,-11.860
09:39:32:707,0.130,0.000,-0.080,-95.490,-84.430,-9.120
09:39:32:740,0.130,0.000,-0.080,-95.490,-84.430,-9.120
09:39:32:773,0.130,0.000,-0.080,-95.490,-84.430,-9.120
09:39:32:807,0.120,0.010,-0.080,-94.070,-86.140,-7.020
09:39:32:840,0.110,0.000,-0.080,-94.620,-85.000,-6.450
09:39:32:873,0.140,0.000,-0.040,-94.110,-85.300,-6.040
09:39:32:906,0.160,0.030,-0.020,-92.030,-84.400,-8.160
09:39:32:940,0.160,0.030,-0.020,-92.030,-84.400,-8.160
09:39:32:973,0.190,0.000,0.020,-90.640,-83.260,-9.300
09:39:33:007,0.190,0.000,0.020,-90.640,-83.260,-9.300
09:39:33:040,0.190,0.030,0.040,-87.890,-83.530,-10.570
09:39:33:073,0.180,0.010,0.060,-87.190,-84.190,-11.010
09:39:33:106,0.180,0.010,0.060,-87.190,-84.190,-11.010
09:39:33:140,0.170,-0.020,0.100,-86.040,-85.950,-9.750
09:39:33:173,0.170,-0.020,0.100,-86.040,-85.950,-9.750
09:39:33:206,0.160,0.000,0.080,-84.410,-86.420,-9.180
09:39:33:240,-0.130,-0.410,-0.120,-86.040,-86.330,-9.440
09:39:33:273,-0.010,0.070,-0.080,-90.180,-88.840,-5.930
09:39:33:306,0.110,-0.090,-0.040,-95.010,-88.530,0.600
09:39:33:340,0.110,-0.090,-0.040,-95.010,-88.530,0.600
09:39:33:373,0.000,0.020,-0.160,-92.920,-85.590,-6.590
09:39:33:406,0.000,0.020,-0.160,-92.920,-85.590,-6.590
09:39:33:439,-0.030,0.040,-0.150,-101.090,-83.870,1.530
09:39:33:473,-0.040,0.030,-0.140,-98.760,-86.900,1.730
09:39:33:506,-0.060,0.020,-0.200,-98.690,-84.970,2.240
09:39:33:539,-0.060,0.020,-0.200,-98.690,-84.970,2.240
09:39:33:572,-0.060,0.020,-0.200,-98.690,-84.970,2.240
09:39:33:606,-0.040,0.010,-0.170,-102.320,-84.590,3.950
09:39:33:639,-0.020,-0.020,-0.170,-99.300,-84.590,1.580
09:39:33:672,-0.070,-0.020,-0.170,-99.780,-85.120,1.000
09:39:33:706,0.010,-0.040,-0.110,-99.070,-84.280,4.130
09:39:33:739,0.010,-0.040,-0.110,-99.070,-84.280,4.130
09:39:33:772,0.020,0.010,-0.120,-95.810,-84.260,-1.930
09:39:33:806,0.020,0.010,-0.120,-95.810,-84.260,-1.930
09:39:33:839,0.050,0.010,-0.090,-97.610,-83.700,-1.200
09:39:33:872,0.050,0.010,-0.090,-97.610,-83.700,-1.200
09:39:33:905,0.060,-0.010,-0.050,-94.650,-84.830,-3.450
09:39:33:939,0.060,-0.010,-0.050,-94.650,-84.830,-3.450
09:39:33:972,0.060,-0.010,-0.050,-94.650,-84.830,-3.450
09:39:34:005,0.000,-0.020,0.000,-91.830,-84.920,0.480
09:39:34:039,-0.040,0.030,0.000,-89.100,-86.370,-0.060
09:39:34:072,-0.040,0.030,0.020,-89.520,-84.380,2.790
09:39:34:106,-0.070,-0.010,-0.090,-88.450,-83.950,1.380
09:39:34:139,-0.070,-0.010,-0.090,-88.450,-83.950,1.380
09:39:34:172,0.380,-0.310,-0.090,-95.740,-81.900,5.120
09:39:34:205,0.380,-0.310,-0.090,-95.740,-81.900,5.120
09:39:34:239,0.010,-0.040,-0.240,-93.690,-81.870,-4.790
09:39:34:272,0.110,-0.010,-0.180,-104.410,-80.930,-0.240
09:39:34:305,0.160,-0.010,-0.120,-98.050,-84.820,-7.250
09:39:34:338,0.160,-0.010,-0.120,-98.050,-84.820,-7.250
09:39:34:372,0.160,-0.010,-0.120,-98.050,-84.820,-7.250
09:39:34:405,0.140,0.050,-0.140,-96.290,-83.800,-9.410
09:39:34:439,0.180,0.010,-0.100,-98.280,-84.880,-8.360
09:39:34:472,0.230,-0.030,-0.050,-94.210,-85.440,-10.720
09:39:34:505,0.180,0.000,-0.060,-92.690,-84.120,-13.110
09:39:34:538,0.180,0.000,-0.060,-92.690,-84.120,-13.110
09:39:34:572,0.120,0.000,-0.080,-93.680,-85.610,-9.290
09:39:34:605,0.120,0.000,-0.080,-93.680,-85.610,-9.290
09:39:34:638,0.110,0.020,-0.080,-95.230,-87.080,-6.470
09:39:34:672,0.140,0.040,-0.050,-94.820,-86.050,-6.060
09:39:34:705,0.140,0.040,-0.030,-92.710,-85.680,-8.260
09:39:34:738,0.140,0.040,-0.030,-92.710,-85.680,-8.260
09:39:34:772,0.140,0.040,-0.030,-92.710,-85.680,-8.260
09:39:34:804,0.140,0.000,0.020,-91.050,-85.660,-8.470
09:39:34:838,0.160,-0.010,0.020,-88.100,-86.150,-7.220
09:39:34:872,0.160,-0.010,0.020,-88.100,-86.150,-7.220
09:39:34:905,0.170,0.010,0.050,-88.520,-85.480,-9.140
09:39:34:938,0.170,0.000,0.080,-86.610,-86.140,-9.380
09:39:34:971,0.160,0.020,0.100,-85.000,-87.210,-9.130
09:39:35:005,0.160,0.020,0.100,-85.000,-87.210,-9.130
09:39:35:038,0.150,0.020,0.100,-84.120,-87.040,-8.520
09:39:35:072,-0.060,-0.410,-0.080,-84.060,-87.830,-8.700
09:39:35:104,-0.010,0.060,-0.010,-88.690,-89.730,-5.620
09:39:35:138,-0.010,0.060,-0.010,-88.690,-89.730,-5.620
09:39:35:171,-0.010,0.060,-0.010,-88.690,-89.730,-5.620
09:39:35:205,0.130,-0.140,0.000,-91.110,-90.430,0.590
09:39:35:238,0.000,0.000,-0.120,-91.060,-88.260,-6.620
09:39:35:271,0.000,0.000,-0.080,-98.740,-86.950,1.650
09:39:35:305,0.000,0.000,-0.080,-98.740,-86.950,1.650
09:39:35:338,0.000,0.000,-0.080,-98.740,-86.950,1.650
09:39:35:371,0.000,0.010,-0.080,-93.780,-90.190,-0.280
09:39:35:405,-0.010,0.020,-0.120,-95.480,-88.080,0.110
09:39:35:438,-0.010,0.020,-0.120,-95.480,-88.080,0.110
09:39:35:471,-0.010,0.000,-0.140,-97.930,-87.980,0.310
09:39:35:504,0.020,-0.010,-0.160,-98.310,-88.330,0.270
09:39:35:538,0.030,-0.010,-0.180,-99.670,-88.680,-1.910
09:39:35:571,0.030,-0.010,-0.180,-99.670,-88.680,-1.910
09:39:35:604,0.000,0.000,-0.190,-101.190,-88.330,-1.660
09:39:35:638,-0.030,-0.030,-0.140,-100.650,-89.700,0.190
09:39:35:671,0.010,0.000,-0.120,-97.070,-90.440,1.490
09:39:35:704,0.030,0.000,-0.080,-96.890,-89.710,-1.630
09:39:35:738,0.030,0.000,-0.080,-96.890,-89.710,-1.630
09:39:35:771,0.030,0.000,-0.080,-96.890,-89.710,-1.630
09:39:35:804,0.030,0.000,-0.080,-96.890,-89.710,-1.630
09:39:35:837,0.030,0.000,-0.080,-96.890,-89.710,-1.630
09:39:35:871,-0.020,0.040,0.000,-92.900,-90.170,-0.190
09:39:35:904,-0.030,0.060,0.030,-88.400,-90.750,1.110
09:39:35:937,0.180,-0.190,-0.060,-86.570,-89.650,1.610
09:39:35:971,0.180,-0.190,-0.060,-86.570,-89.650,1.610
09:39:36:003,0.180,0.000,-0.020,-93.080,-85.790,-6.610
09:39:36:037,0.080,-0.130,-0.140,-89.550,-86.640,-10.850
09:39:36:071,0.120,-0.010,-0.180,-97.050,-87.540,-4.290
09:39:36:103,0.180,-0.030,-0.140,-99.840,-89.590,-7.040
09:39:36:137,0.180,-0.030,-0.140,-99.840,-89.590,-7.040
09:39:36:170,0.180,-0.030,-0.140,-99.840,-89.590,-7.040
09:39:36:204,0.140,-0.030,-0.150,-96.940,-87.350,-10.440
09:39:36:237,0.100,0.020,-0.140,-98.730,-87.980,-7.230
09:39:36:270,0.120,0.040,-0.120,-97.620,-89.640,-5.090
09:39:36:303,0.160,-0.020,-0.100,-97.010,-88.040,-7.410
09:39:36:337,0.160,-0.020,-0.100,-97.010,-88.040,-7.410
09:39:36:370,0.160,-0.020,-0.100,-97.010,-88.040,-7.410
09:39:36:404,0.170,0.020,-0.100,-95.530,-88.150,-9.580
09:39:36:437,0.130,0.000,-0.080,-96.110,-88.320,-9.710
09:39:36:470,0.100,-0.010,-0.090,-94.730,-89.630,-6.570
09:39:36:503,0.100,-0.010,-0.070,-95.230,-89.610,-4.990
09:39:36:537,0.100,-0.010,-0.070,-95.230,-89.610,-4.990
09:39:36:570,0.100,-0.010,-0.070,-95.230,-89.610,-4.990
09:39:36:603,0.120,0.000,-0.020,-93.920,-89.220,-5.990
09:39:36:636,0.140,0.040,-0.030,-90.710,-88.940,-6.650
09:39:36:670,0.100,0.000,0.000,-91.710,-88.470,-7.920
09:39:36:703,0.140,0.020,0.020,-89.460,-88.880,-5.060
09:39:36:737,0.140,0.020,0.020,-89.460,-88.880,-5.060
09:39:36:770,0.140,0.020,0.020,-89.460,-88.880,-5.060
09:39:36:803,0.140,0.020,0.020,-89.460,-88.880,-5.060
09:39:36:836,0.160,-0.050,0.030,-85.420,-88.480,-9.760
09:39:36:870,-0.060,-0.190,-0.050,-88.950,-89.900,-8.760
09:39:36:903,0.060,0.090,-0.130,-92.610,-91.480,1.760
09:39:36:936,0.060,0.090,-0.130,-92.610,-91.480,1.760
09:39:36:970,0.060,0.090,-0.130,-92.610,-91.480,1.760
09:39:37:003,0.040,-0.020,-0.120,-98.960,-90.890,-3.620
09:39:37:036,0.000,0.010,-0.120,-96.030,-87.440,-2.240
09:39:37:070,0.020,0.000,-0.110,-97.050,-87.970,0.510
09:39:37:102,0.000,0.020,-0.120,-96.210,-87.910,-1.410
09:39:37:136,0.000,0.020,-0.120,-96.210,-87.910,-1.410
09:39:37:170,0.000,0.020,-0.120,-96.210,-87.910,-1.410
09:39:37:202,-0.020,0.050,-0.160,-97.370,-86.770,-0.230
09:39:37:236,0.000,0.020,-0.150,-99.420,-86.330,0.910
09:39:37:269,0.000,-0.050,-0.120,-98.300,-85.620,-0.420
09:39:37:302,0.040,-0.060,-0.110,-95.920,-84.420,-0.460
09:39:37:336,0.040,-0.060,-0.110,-95.920,-84.420,-0.460
09:39:37:369,0.040,-0.060,-0.110,-95.920,-84.420,-0.460
09:39:37:402,0.050,-0.020,-0.090,-96.020,-83.770,-2.400
09:39:37:436,0.040,-0.010,-0.100,-94.950,-82.540,-3.000
09:39:37:469,0.040,0.010,-0.060,-95.740,-82.470,-2.280
09:39:37:502,0.030,0.010,-0.050,-93.280,-82.140,-2.970
09:39:37:536,0.030,0.010,-0.050,-93.280,-82.140,-2.970
09:39:37:569,0.030,0.010,-0.050,-93.280,-82.140,-2.970
09:39:37:602,0.000,0.010,0.000,-92.430,-81.780,-1.690
09:39:37:635,-0.040,0.040,-0.010,-89.280,-81.340,0.370
09:39:37:669,-0.060,0.000,0.000,-89.760,-80.670,2.840
09:39:37:702,0.090,-0.140,-0.070,-89.150,-78.400,3.630
09:39:37:735,0.090,-0.140,-0.070,-89.150,-78.400,3.630
09:39:37:769,0.090,-0.140,-0.070,-89.150,-78.400,3.630
09:39:37:802,0.120,-0.020,-0.090,-94.020,-75.350,-4.260
09:39:37:836,0.070,-0.130,-0.110,-95.450,-74.020,-7.200
09:39:37:869,0.100,0.000,-0.170,-95.700,-76.790,-3.730
09:39:37:902,0.130,0.010,-0.140,-100.690,-76.960,-6.860
09:39:37:936,0.130,0.010,-0.140,-100.690,-76.960,-6.860
09:39:37:969,0.130,0.010,-0.140,-100.690,-76.960,-6.860
09:39:38:002,0.070,0.010,-0.140,-97.740,-76.180,-8.000
09:39:38:035,0.060,0.000,-0.120,-98.350,-75.910,-3.200
09:39:38:069,0.130,0.000,-0.110,-96.730,-75.500,-3.720
09:39:38:102,0.140,0.010,-0.090,-96.450,-72.890,-8.630
09:39:38:135,0.140,0.010,-0.090,-96.450,-72.890,-8.630
09:39:38:169,0.140,0.010,-0.090,-96.450,-72.890,-8.630
09:39:38:202,0.160,-0.020,-0.090,-95.150,-71.780,-7.890
09:39:38:235,0.140,-0.020,-0.100,-95.110,-72.460,-9.650
09:39:38:269,0.140,0.000,-0.090,-95.640,-71.690,-7.260
09:39:38:302,0.160,0.040,-0.080,-95.300,-71.130,-7.900
09:39:38:335,0.160,0.040,-0.080,-95.300,-71.130,-7.900
09:39:38:369,0.160,0.040,-0.080,-95.300,-71.130,-7.900
09:39:38:402,0.170,0.020,-0.060,-94.610,-69.030,-9.600
09:39:38:435,0.170,0.040,-0.020,-93.370,-68.920,-9.740
09:39:38:468,0.170,0.000,-0.010,-90.710,-68.830,-9.510
09:39:38:502,0.170,0.020,0.010,-90.470,-67.790,-9.060
09:39:38:535,0.170,0.020,0.010,-90.470,-67.790,-9.060
09:39:38:569,0.170,0.020,0.010,-90.470,-67.790,-9.060
09:39:38:601,0.180,0.040,0.020,-88.830,-66.590,-9.540
09:39:38:635,0.040,-0.280,-0.180,-88.310,-66.230,-10.720
09:39:38:668,-0.080,0.000,-0.060,-95.390,-66.950,-5.470
09:39:38:702,0.070,-0.120,-0.060,-92.950,-68.690,6.590
09:39:38:735,0.070,-0.120,-0.060,-92.950,-68.690,6.590
09:39:38:768,0.070,-0.120,-0.060,-92.950,-68.690,6.590
09:39:38:801,0.020,-0.030,-0.120,-93.760,-65.730,-4.150
09:39:38:835,0.060,0.010,-0.130,-96.740,-60.300,-0.460
09:39:38:868,0.050,0.000,-0.110,-97.640,-63.660,-4.250
09:39:38:901,0.050,0.000,-0.110,-97.640,-63.660,-4.250
09:39:38:934,0.050,0.000,-0.110,-97.640,-63.660,-4.250
09:39:38:968,-0.010,0.030,-0.140,-95.770,-61.780,-2.750
09:39:39:002,-0.020,0.000,-0.140,-98.440,-62.420,0.530
09:39:39:034,0.000,-0.040,-0.140,-98.300,-61.540,0.760
09:39:39:068,0.030,-0.020,-0.120,-97.690,-58.950,-0.900
09:39:39:101,0.010,-0.010,-0.120,-96.390,-56.850,-2.580
09:39:39:135,0.010,-0.010,-0.120,-96.390,-56.850,-2.580
09:39:39:168,0.010,-0.010,-0.120,-96.390,-56.850,-2.580
09:39:39:201,0.020,-0.020,-0.110,-96.900,-56.870,-0.550
09:39:39:234,0.050,-0.020,-0.090,-96.160,-55.350,-1.390
09:39:39:268,0.030,-0.010,-0.100,-95.140,-53.430,-3.450
09:39:39:301,0.040,-0.020,-0.070,-95.530,-51.870,-1.500
09:39:39:334,0.040,-0.020,-0.070,-95.530,-51.870,-1.500
09:39:39:368,0.040,-0.020,-0.070,-95.530,-51.870,-1.500
09:39:39:401,0.040,0.010,-0.050,-93.790,-51.830,-2.920
09:39:39:434,0.020,0.000,-0.030,-92.590,-49.650,-2.400
09:39:39:468,-0.030,0.000,0.000,-91.180,-47.850,-1.610
09:39:39:501,-0.010,0.030,0.010,-89.310,-46.170,2.120
09:39:39:534,-0.010,0.030,0.010,-89.310,-46.170,2.120
09:39:39:567,-0.010,0.030,0.010,-89.310,-46.170,2.120
09:39:39:601,0.060,-0.080,-0.060,-88.920,-43.290,-0.140
09:39:39:634,0.220,-0.100,0.000,-93.540,-37.120,-3.290
09:39:39:667,0.120,-0.060,-0.100,-89.990,-34.160,-12.330
09:39:39:701,0.120,0.000,-0.120,-95.990,-34.190,-5.390
09:39:39:734,0.120,0.000,-0.120,-95.990,-34.190,-5.390
09:39:39:767,0.120,0.000,-0.120,-95.990,-34.190,-5.390
09:39:39:801,0.180,-0.030,-0.090,-97.320,-33.590,-7.710
09:39:39:834,0.170,-0.020,-0.080,-94.490,-31.320,-10.920
09:39:39:867,0.130,-0.020,-0.050,-94.170,-29.800,-9.560
09:39:39:901,0.150,0.010,-0.040,-92.420,-28.210,-7.540
09:39:39:934,0.150,0.010,-0.040,-92.420,-28.210,-7.540
09:39:39:967,0.150,0.010,-0.040,-92.420,-28.210,-7.540
09:39:40:000,0.180,0.010,-0.040,-92.880,-23.760,-9.450
09:39:40:034,0.160,-0.020,-0.070,-92.950,-18.630,-10.600
09:39:40:067,0.140,0.010,-0.060,-94.240,-16.650,-8.760
09:39:40:100,0.180,0.030,-0.040,-93.490,-13.760,-7.880
09:39:40:133,0.180,0.030,-0.040,-93.490,-13.760,-7.880
09:39:40:167,0.180,0.030,-0.040,-93.490,-13.760,-7.880
09:39:40:199,0.190,0.020,-0.050,-92.360,-11.060,-11.300
09:39:40:233,0.180,0.050,-0.040,-93.300,-5.930,-10.650
09:39:40:267,0.210,0.030,-0.020,-92.590,-3.580,-10.640
09:39:40:300,0.220,0.040,-0.020,-90.360,-1.220,-12.300
09:39:40:333,0.220,0.040,-0.020,-90.360,-1.220,-12.300
09:39:40:367,0.220,0.040,-0.020,-90.360,-1.220,-12.300
09:39:40:400,0.210,0.030,-0.010,-91.240,3.600,-12.330
09:39:40:433,0.200,0.040,0.000,-90.120,8.180,-11.740
09:39:40:467,0.230,0.040,0.000,-89.620,8.970,-11.320
09:39:40:500,0.130,-0.220,-0.140,-90.010,11.360,-13.440
09:39:40:533,0.130,-0.220,-0.140,-90.010,11.360,-13.440
09:39:40:567,0.130,-0.220,-0.140,-90.010,11.360,-13.440
09:39:40:600,-0.020,-0.160,-0.090,-96.070,12.010,-7.470
09:39:40:633,-0.020,-0.160,-0.090,-96.070,12.010,-7.470
09:39:40:667,0.140,-0.030,-0.080,-93.850,10.520,1.230
09:39:40:700,0.060,-0.060,-0.130,-93.780,4.570,-9.310
09:39:40:733,0.020,0.020,-0.140,-97.450,5.980,-2.110
09:39:40:766,0.020,0.020,-0.140,-97.450,5.980,-2.110
09:39:40:800,0.040,-0.010,-0.100,-98.100,8.790,-0.570
09:39:40:833,0.020,0.000,-0.110,-94.830,5.470,-2.700
09:39:40:866,0.010,0.000,-0.130,-96.710,5.980,-0.310
09:39:40:900,0.000,-0.020,-0.120,-97.690,10.320,-0.420
09:39:40:933,0.000,-0.020,-0.120,-97.690,10.320,-0.420
09:39:40:966,0.000,-0.020,-0.120,-97.690,10.320,-0.420
09:39:41:000,0.030,-0.020,-0.110,-96.450,10.830,-0.200
09:39:41:032,0.020,-0.010,-0.140,-96.550,11.300,-1.960
09:39:41:066,0.010,0.020,-0.120,-98.330,14.140,-0.620
09:39:41:100,-0.010,-0.010,-0.130,-96.680,16.820,-0.890
09:39:41:132,-0.010,-0.010,-0.130,-96.680,16.820,-0.890
09:39:41:166,-0.010,-0.010,-0.130,-96.680,16.820,-0.890
09:39:41:199,-0.020,-0.020,-0.140,-97.770,16.520,0.400
09:39:41:232,-0.020,-0.030,-0.130,-98.380,20.120,0.440
09:39:41:266,0.000,-0.040,-0.140,-97.400,21.860,0.350
09:39:41:299,-0.010,-0.060,-0.110,-97.950,23.780,-0.760
09:39:41:333,-0.010,-0.060,-0.110,-97.950,23.780,-0.760
09:39:41:366,-0.010,-0.060,-0.110,-97.950,23.780,-0.760
09:39:41:399,0.000,-0.020,-0.150,-96.110,26.070,0.530
09:39:41:432,0.020,0.010,-0.130,-99.300,29.480,-0.270
09:39:41:466,-0.010,0.060,-0.120,-97.270,33.180,-1.810
09:39:41:499,-0.120,0.040,-0.070,-96.670,32.220,0.360
09:39:41:532,-0.120,0.040,-0.070,-96.670,32.220,0.360
09:39:41:566,-0.120,0.040,-0.070,-96.670,32.220,0.360
09:39:41:599,-0.140,0.010,-0.040,-92.800,35.660,7.250
09:39:41:632,0.030,-0.100,-0.060,-91.580,36.740,8.090
09:39:41:666,0.170,-0.060,-0.020,-94.440,39.360,-2.550
09:39:41:698,0.170,-0.060,-0.020,-94.440,39.360,-2.550
09:39:41:732,0.170,-0.060,-0.020,-94.440,39.360,-2.550
09:39:41:766,0.100,-0.020,-0.120,-90.830,43.810,-10.510
09:39:41:799,0.150,-0.020,-0.140,-96.950,52.900,-3.220
09:39:41:832,0.120,-0.010,-0.120,-98.860,65.630,-9.110
09:39:41:865,0.190,-0.030,-0.120,-96.200,57.080,-6.110
09:39:41:899,0.140,-0.040,-0.120,-97.170,65.090,-11.450
09:39:41:932,0.140,-0.040,-0.120,-97.170,65.090,-11.450
09:39:41:965,0.140,-0.040,-0.120,-97.170,65.090,-11.450
09:39:41:999,0.120,0.000,-0.140,-96.560,64.470,-7.150
09:39:42:032,0.120,-0.010,-0.130,-97.950,72.600,-7.100
09:39:42:065,0.120,0.000,-0.140,-97.160,69.260,-7.030
09:39:42:099,0.120,0.010,-0.120,-98.710,68.780,-6.890
09:39:42:132,0.120,0.010,-0.120,-98.710,68.780,-6.890
09:39:42:165,0.120,0.010,-0.120,-98.710,68.780,-6.890
09:39:42:198,0.220,0.040,-0.060,-96.620,71.270,-7.600
09:39:42:232,0.210,-0.020,-0.080,-93.550,72.530,-13.930
09:39:42:265,0.120,-0.030,-0.120,-94.450,77.240,-11.030
09:39:42:298,0.160,0.000,-0.100,-96.230,86.590,-5.730
09:39:42:332,0.160,0.000,-0.100,-96.230,86.590,-5.730
09:39:42:365,0.160,0.000,-0.100,-96.230,86.590,-5.730
09:39:42:398,0.230,0.050,-0.060,-95.250,84.020,-9.820
09:39:42:431,0.200,0.030,-0.080,-93.050,78.170,-13.830
09:39:42:464,0.160,0.030,-0.090,-94.970,86.270,-10.660
09:39:42:498,0.200,0.060,-0.020,-95.260,90.400,-8.200
09:39:42:531,0.200,0.060,-0.020,-95.260,90.400,-8.200
09:39:42:565,0.200,0.060,-0.020,-95.260,90.400,-8.200
09:39:42:598,0.250,0.030,0.020,-90.170,86.260,-11.260
09:39:42:631,0.240,0.020,0.030,-87.920,84.250,-14.360
09:39:42:665,0.090,-0.320,-0.170,-88.240,86.790,-13.500
09:39:42:698,-0.050,-0.140,-0.080,-94.430,86.520,-8.370
09:39:42:731,-0.050,-0.140,-0.080,-94.430,86.520,-8.370
09:39:42:765,-0.050,-0.140,-0.080,-94.430,86.520,-8.370
09:39:42:798,0.060,-0.090,-0.060,-93.770,82.660,2.870
09:39:42:831,-0.050,0.010,-0.160,-92.360,76.350,-3.730
09:39:42:865,-0.020,0.060,-0.180,-102.080,64.010,2.080
09:39:42:898,-0.010,0.000,-0.150,-101.030,72.160,0.610
09:39:42:931,-0.010,0.000,-0.150,-101.030,72.160,0.610
09:39:42:964,-0.010,0.000,-0.150,-101.030,72.160,0.610
09:39:42:998,-0.070,0.000,-0.160,-97.650,62.610,0.750
09:39:43:031,-0.080,-0.010,-0.160,-99.240,65.040,4.470
09:39:43:064,0.000,0.000,-0.160,-98.990,67.350,4.130
09:39:43:098,0.010,-0.050,-0.140,-98.540,63.990,-1.250
09:39:43:131,0.010,-0.050,-0.140,-98.540,63.990,-1.250
09:39:43:164,0.010,-0.050,-0.140,-98.540,63.990,-1.250
09:39:43:198,0.000,-0.030,-0.120,-97.340,67.010,-0.730
09:39:43:231,0.010,0.000,-0.120,-97.090,74.040,-0.230
09:39:43:264,0.000,-0.010,-0.100,-97.160,74.920,-0.990
09:39:43:298,0.010,0.000,-0.100,-95.730,74.810,-0.320
09:39:43:331,0.010,0.000,-0.100,-95.730,74.810,-0.320
09:39:43:364,0.010,0.000,-0.100,-95.730,74.810,-0.320
09:39:43:397,-0.010,-0.010,-0.100,-95.710,77.590,-0.830
09:39:43:431,-0.040,0.000,-0.080,-95.480,76.990,0.440
09:39:43:464,-0.010,0.010,-0.050,-93.920,78.710,2.150
09:39:43:497,0.000,0.030,0.000,-92.250,79.700,-0.130
09:39:43:531,0.000,0.030,0.000,-92.250,79.700,-0.130
09:39:43:564,0.000,0.030,0.000,-92.250,79.700,-0.130
09:39:43:596,0.000,0.040,0.020,-89.360,79.380,-0.380
09:39:43:631,0.000,-0.040,-0.040,-88.300,82.130,-0.500
09:39:43:664,0.270,-0.290,-0.060,-91.900,85.200,0.750
09:39:43:697,0.030,0.000,-0.120,-92.480,88.940,-7.090
09:39:43:731,0.030,0.000,-0.120,-92.480,88.940,-7.090
09:39:43:764,0.030,0.000,-0.120,-92.480,88.940,-7.090
09:39:43:797,0.080,-0.010,-0.140,-96.720,88.860,-0.620
09:39:43:830,0.200,0.000,-0.140,-98.100,97.000,-5.110
09:39:43:864,0.160,0.020,-0.160,-96.280,89.320,-12.520
09:39:43:897,0.120,-0.020,-0.120,-99.350,98.200,-7.880
09:39:43:930,0.120,-0.020,-0.120,-99.350,98.200,-7.880
09:39:43:964,0.120,-0.020,-0.120,-99.350,98.200,-7.880
09:39:43:996,0.180,-0.010,-0.070,-95.510,107.420,-7.470
09:39:44:030,0.150,-0.040,-0.080,-93.460,101.900,-10.770
09:39:44:064,0.120,0.020,-0.070,-94.710,100.220,-8.080
09:39:44:097,0.140,0.030,-0.060,-94.180,104.980,-6.710
09:39:44:130,0.140,0.030,-0.060,-94.180,104.980,-6.710
09:39:44:163,0.140,0.030,-0.060,-94.180,104.980,-6.710
09:39:44:196,0.150,0.040,-0.050,-93.230,101.750,-8.240
09:39:44:230,0.200,0.040,0.000,-92.910,101.360,-9.020
09:39:44:263,0.210,0.020,-0.010,-89.860,104.010,-12.070
09:39:44:296,0.200,0.020,0.000,-90.550,106.160,-11.670
09:39:44:330,0.200,0.020,0.000,-90.550,106.160,-11.670
09:39:44:363,0.200,0.020,0.000,-90.550,106.160,-11.670
09:39:44:397,0.200,0.040,0.030,-89.660,106.430,-11.260
09:39:44:430,0.210,0.020,0.060,-87.710,105.430,-11.050
09:39:44:463,0.180,0.000,0.070,-85.930,104.690,-11.570
09:39:44:496,0.160,-0.090,0.030,-85.970,102.490,-9.300
09:39:44:530,0.160,-0.090,0.030,-85.970,102.490,-9.300
09:39:44:563,0.160,-0.090,0.030,-85.970,102.490,-9.300
09:39:44:596,-0.080,-0.240,-0.020,-89.300,97.920,-8.600
09:39:44:629,0.110,0.080,-0.040,-91.490,94.360,1.380
09:39:44:663,-0.030,0.000,-0.090,-93.000,94.020,-6.890
09:39:44:696,-0.080,0.070,-0.140,-98.460,81.520,2.490
09:39:44:730,-0.080,0.070,-0.140,-98.460,81.520,2.490
09:39:44:763,-0.080,0.070,-0.140,-98.460,81.520,2.490
09:39:44:796,-0.030,-0.020,-0.120,-98.830,89.560,4.880
09:39:44:829,-0.040,-0.010,-0.140,-95.790,80.420,1.020
09:39:44:863,-0.060,-0.010,-0.140,-98.900,76.760,2.530
09:39:44:896,0.000,0.000,-0.130,-98.130,83.420,3.360
09:39:44:929,0.000,0.000,-0.130,-98.130,83.420,3.360
09:39:44:962,0.000,0.000,-0.130,-98.130,83.420,3.360
09:39:44:996,0.030,-0.020,-0.140,-97.330,81.250,-0.870
09:39:45:029,0.010,-0.040,-0.120,-98.640,83.110,-1.830
09:39:45:062,0.020,-0.020,-0.130,-96.580,90.230,-0.480
09:39:45:096,0.020,-0.020,-0.130,-96.580,90.230,-0.480
09:39:45:128,0.020,0.000,-0.130,-97.660,90.100,-1.600
09:39:45:163,0.020,0.000,-0.130,-97.660,90.100,-1.600
09:39:45:196,0.010,0.010,-0.100,-97.600,90.050,-0.800
09:39:45:229,0.010,0.020,-0.080,-95.230,94.100,-0.720
09:39:45:262,0.020,0.010,-0.030,-94.230,93.690,-0.650
09:39:45:295,-0.010,0.000,-0.020,-90.850,91.970,-1.210
09:39:45:329,-0.010,0.000,-0.020,-90.850,91.970,-1.210
09:39:45:362,-0.010,0.000,-0.020,-90.850,91.970,-1.210
09:39:45:396,-0.030,0.050,0.000,-90.390,93.790,0.960
09:39:45:429,-0.010,0.020,0.010,-89.530,95.540,1.360
09:39:45:462,0.000,-0.030,-0.050,-88.770,91.840,0.110
09:39:45:496,0.000,-0.030,-0.050,-88.770,91.840,0.110
09:39:45:529,0.210,-0.290,-0.080,-92.830,94.060,0.400
09:39:45:562,0.210,-0.290,-0.080,-92.830,94.060,0.400
09:39:45:596,0.040,-0.050,-0.120,-93.280,99.060,-6.000
09:39:45:629,0.080,-0.030,-0.150,-96.530,101.490,-1.660
09:39:45:662,0.130,-0.020,-0.140,-99.190,108.710,-4.640
09:39:45:695,0.130,0.010,-0.160,-97.570,105.710,-8.150
09:39:45:728,0.130,0.010,-0.160,-97.570,105.710,-8.150
09:39:45:762,0.130,0.010,-0.160,-97.570,105.710,-8.150
09:39:45:795,0.210,-0.020,-0.100,-99.050,117.140,-7.290
09:39:45:829,0.220,-0.020,-0.100,-95.540,118.620,-12.740
09:39:45:862,0.120,0.000,-0.120,-96.130,119.880,-11.900
09:39:45:895,0.120,0.000,-0.120,-96.130,119.880,-11.900
09:39:45:929,0.120,0.040,-0.100,-96.730,124.220,-5.690
09:39:45:962,0.120,0.040,-0.100,-96.730,124.220,-5.690
09:39:45:995,0.180,0.020,-0.100,-95.830,127.210,-7.730
09:39:46:029,0.160,0.010,-0.090,-95.560,118.790,-10.820
09:39:46:062,0.160,0.020,-0.080,-95.170,119.560,-8.650
09:39:46:095,0.160,0.010,-0.050,-94.420,124.780,-9.300
09:39:46:129,0.160,0.010,-0.050,-94.420,124.780,-9.300
09:39:46:162,0.160,0.010,-0.050,-94.420,124.780,-9.300
09:39:46:195,0.180,0.000,-0.040,-92.690,122.370,-9.080
09:39:46:228,0.170,0.010,-0.030,-91.750,119.900,-10.460
09:39:46:261,0.160,0.020,0.000,-91.520,116.510,-9.330
09:39:46:295,0.160,0.020,0.000,-91.520,116.510,-9.330
09:39:46:328,0.170,0.050,0.020,-89.690,119.040,-9.280
09:39:46:362,0.170,0.050,0.020,-89.690,119.040,-9.280
09:39:46:395,0.190,0.050,0.050,-88.640,117.010,-9.610
09:39:46:428,0.080,-0.320,-0.180,-86.510,110.630,-10.850
09:39:46:461,-0.060,-0.090,-0.030,-93.670,109.880,-7.100
09:39:46:495,0.090,-0.140,-0.040,-90.210,110.440,4.280
09:39:46:528,0.090,-0.140,-0.040,-90.210,110.440,4.280
09:39:46:562,0.090,-0.140,-0.040,-90.210,110.440,4.280
09:39:46:594,-0.070,-0.020,-0.160,-91.730,107.270,-5.130
09:39:46:628,-0.100,0.080,-0.200,-102.680,90.820,2.140
09:39:46:661,-0.020,0.000,-0.150,-101.740,102.640,5.910
09:39:46:695,-0.020,0.000,-0.150,-101.740,102.640,5.910
09:39:46:728,0.010,-0.020,-0.170,-97.350,100.050,0.220
09:39:46:761,0.010,-0.020,-0.170,-97.350,100.050,0.220
09:39:46:795,0.010,-0.030,-0.160,-99.820,91.000,-1.390
09:39:46:828,0.000,0.000,-0.150,-98.810,100.060,-0.780
09:39:46:861,0.010,0.000,-0.140,-98.360,107.960,-0.140
09:39:46:894,0.050,-0.020,-0.110,-97.770,107.890,-0.820
09:39:46:928,0.050,-0.020,-0.110,-97.770,107.890,-0.820
09:39:46:961,0.050,-0.020,-0.110,-97.770,107.890,-0.820
09:39:46:994,0.040,-0.010,-0.100,-95.860,102.910,-3.330
09:39:47:027,0.010,-0.010,-0.080,-95.540,105.220,-2.360
09:39:47:061,0.000,-0.010,-0.070,-94.510,108.690,-0.210
09:39:47:094,0.000,-0.010,-0.070,-94.510,108.690,-0.210
09:39:47:127,-0.020,0.040,-0.040,-93.700,106.610,0.200
09:39:47:161,-0.020,0.040,-0.040,-93.700,106.610,0.200
09:39:47:194,-0.040,0.050,-0.010,-91.550,102.180,1.410
09:39:47:227,-0.010,0.060,0.020,-89.460,102.950,2.280
09:39:47:261,0.100,-0.170,-0.110,-88.050,103.420,0.080
09:39:47:294,0.140,-0.070,-0.080,-94.800,102.420,-4.490
09:39:47:327,0.140,-0.070,-0.080,-94.800,102.420,-4.490
09:39:47:361,0.140,-0.070,-0.080,-94.800,102.420,-4.490
09:39:47:394,0.020,-0.160,-0.130,-93.340,103.540,-8.290
09:39:47:427,0.070,0.000,-0.170,-94.660,113.520,-0.930
09:39:47:461,0.120,0.040,-0.150,-101.720,121.310,-4.120
09:39:47:494,0.120,0.040,-0.150,-101.720,121.310,-4.120
09:39:47:527,0.140,0.020,-0.120,-97.480,109.420,-6.980
09:39:47:560,0.140,0.020,-0.120,-97.480,109.420,-6.980
09:39:47:594,0.200,-0.020,-0.080,-97.320,120.080,-8.340
09:39:47:627,0.160,-0.040,-0.060,-94.610,124.160,-12.130
09:39:47:660,0.110,-0.010,-0.100,-92.860,127.980,-8.700
09:39:47:693,0.130,0.020,-0.080,-96.550,127.540,-5.640
09:39:47:726,0.130,0.020,-0.080,-96.550,127.540,-5.640
09:39:47:760,0.130,0.020,-0.080,-96.550,127.540,-5.640
09:39:47:793,0.160,0.040,-0.070,-94.410,123.070,-7.790
09:39:47:827,0.180,0.040,-0.060,-94.230,127.140,-9.910
09:39:47:860,0.180,0.010,-0.060,-93.460,125.760,-10.470
09:39:47:893,0.180,0.010,-0.060,-93.460,125.760,-10.470
09:39:47:926,0.170,-0.010,-0.030,-93.160,126.910,-10.280
09:39:47:960,0.170,-0.010,-0.030,-93.160,126.910,-10.280
09:39:47:993,0.200,0.020,-0.010,-91.250,128.050,-9.250
09:39:48:027,0.220,0.010,0.010,-90.020,128.820,-12.160
09:39:48:060,0.180,0.040,0.010,-89.140,121.670,-12.450
09:39:48:093,0.120,-0.140,-0.060,-88.950,122.230,-10.430
09:39:48:126,0.120,-0.140,-0.060,-88.950,122.230,-10.430
09:39:48:160,0.120,-0.140,-0.060,-88.950,122.230,-10.430
09:39:48:193,0.000,-0.020,-0.100,-93.870,120.480,-6.360
09:39:48:227,0.060,-0.060,-0.050,-96.100,117.820,1.400
09:39:48:260,-0.020,0.010,-0.100,-91.880,112.770,-4.160
09:39:48:293,-0.020,0.010,-0.100,-91.880,112.770,-4.160
09:39:48:327,0.010,0.040,-0.100,-97.450,104.500,1.800
09:39:48:360,0.010,0.040,-0.100,-97.450,104.500,1.800
09:39:48:393,0.010,0.020,-0.080,-95.930,112.460,-1.340
09:39:48:426,0.000,0.000,-0.100,-94.370,106.170,-0.650
09:39:48:460,0.010,-0.040,-0.090,-95.960,110.020,0.200
09:39:48:493,-0.020,0.000,-0.100,-95.150,110.320,-0.430
09:39:48:526,-0.020,0.000,-0.100,-95.150,110.320,-0.430
09:39:48:560,-0.020,0.000,-0.100,-95.150,110.320,-0.430
09:39:48:592,-0.030,0.000,-0.120,-96.170,110.580,1.200
09:39:48:626,0.000,-0.020,-0.100,-96.910,109.410,1.650
09:39:48:660,0.040,-0.010,-0.100,-95.700,106.700,-0.570
09:39:48:692,0.040,-0.010,-0.100,-95.700,106.700,-0.570
09:39:48:726,0.020,-0.010,-0.100,-95.860,109.110,-2.400
09:39:48:759,0.020,-0.010,-0.100,-95.860,109.110,-2.400
09:39:48:792,0.000,0.000,-0.080,-95.440,113.120,-0.980
09:39:48:826,-0.010,0.000,-0.060,-94.690,113.180,0.050
09:39:48:859,-0.020,0.000,-0.040,-93.250,111.710,0.680
09:39:48:892,-0.020,0.000,-0.020,-91.920,114.000,1.230
09:39:48:926,-0.020,0.000,-0.020,-91.920,114.000,1.230
09:39:48:959,-0.020,0.000,-0.020,-91.920,114.000,1.230
09:39:48:993,0.000,0.010,-0.010,-90.840,113.730,0.560
09:39:49:026,0.000,-0.020,0.000,-90.200,110.810,-0.160
09:39:49:059,0.080,-0.100,-0.060,-89.670,113.960,-0.430
09:39:49:092,0.080,-0.100,-0.060,-89.670,113.960,-0.430
09:39:49:125,0.090,-0.060,-0.040,-93.860,120.090,-4.050
09:39:49:159,0.090,-0.060,-0.040,-93.860,120.090,-4.050
09:39:49:192,0.060,-0.070,-0.100,-91.480,118.490,-5.160
09:39:49:226,0.060,-0.070,-0.100,-91.480,118.490,-5.160
09:39:49:259,0.080,-0.020,-0.100,-95.180,126.860,-2.560
09:39:49:292,0.090,0.000,-0.110,-96.150,129.050,-5.600
09:39:49:326,0.080,0.000,-0.110,-96.350,134.060,-5.350
09:39:49:359,0.080,0.000,-0.110,-96.350,134.060,-5.350
09:39:49:392,0.130,0.000,-0.080,-96.460,136.530,-5.200
09:39:49:425,0.150,0.010,-0.080,-94.640,140.640,-8.900
09:39:49:459,0.130,-0.010,-0.110,-94.670,146.920,-9.030
09:39:49:492,0.130,-0.010,-0.110,-94.670,146.920,-9.030
09:39:49:525,0.140,0.000,-0.070,-96.460,150.330,-6.980
09:39:49:559,0.140,0.000,-0.070,-96.460,150.330,-6.980
09:39:49:592,0.140,-0.010,-0.080,-93.420,148.810,-8.270
09:39:49:625,0.110,-0.020,-0.100,-95.180,154.040,-7.930
09:39:49:659,0.140,0.020,-0.060,-95.610,156.110,-6.220
09:39:49:692,0.170,0.030,-0.040,-93.060,158.420,-9.210
09:39:49:725,0.170,0.030,-0.040,-93.060,158.420,-9.210
09:39:49:758,0.170,0.030,-0.040,-93.060,158.420,-9.210
09:39:49:792,0.160,0.020,-0.030,-92.200,159.700,-10.030
09:39:49:825,0.180,0.040,-0.010,-91.550,163.510,-9.220
09:39:49:859,0.160,0.060,0.000,-89.970,167.600,-10.690
09:39:49:892,0.160,0.060,0.000,-89.970,167.600,-10.690
09:39:49:925,0.140,0.060,0.020,-89.380,165.180,-9.190
09:39:49:958,0.140,0.060,0.020,-89.380,165.180,-9.190
09:39:49:992,0.190,0.030,0.050,-88.050,165.170,-7.970
09:39:50:025,0.160,-0.200,-0.090,-86.320,167.860,-11.130
09:39:50:058,0.020,0.080,-0.050,-94.050,168.800,-8.340
09:39:50:091,0.060,-0.060,-0.110,-92.250,163.760,-1.270
09:39:50:125,0.060,-0.060,-0.110,-92.250,163.760,-1.270
09:39:50:158,0.060,-0.060,-0.110,-92.250,163.760,-1.270
09:39:50:192,0.030,0.040,-0.110,-96.950,173.390,-2.910
09:39:50:225,0.040,0.020,-0.070,-96.250,175.420,-2.240
09:39:50:258,0.010,-0.030,-0.060,-93.500,-179.420,-2.860
09:39:50:291,0.010,-0.030,-0.060,-93.500,-179.420,-2.860
09:39:50:324,0.000,0.000,-0.090,-93.360,-178.350,-0.500
09:39:50:358,0.000,0.000,-0.090,-93.360,-178.350,-0.500
09:39:50:391,0.000,0.000,-0.090,-93.360,-178.350,-0.500
09:39:50:425,0.000,0.000,-0.090,-93.360,-178.350,-0.500
09:39:50:458,0.000,0.000,-0.090,-93.360,-178.350,-0.500
09:39:50:491,-0.080,-0.020,-0.060,-94.820,-168.890,2.040
09:39:50:524,-0.050,-0.060,-0.010,-92.540,-162.730,2.700
09:39:50:558,-0.050,-0.060,-0.010,-92.540,-162.730,2.700
09:39:50:591,-0.030,-0.020,-0.030,-91.250,-155.230,1.840
09:39:50:624,-0.020,0.000,-0.020,-93.150,-151.410,1.030
09:39:50:657,-0.020,0.000,-0.020,-93.150,-151.410,1.030
09:39:50:691,-0.070,-0.010,-0.020,-91.290,-152.790,0.740
09:39:50:724,-0.150,0.020,-0.010,-92.010,-147.300,4.270
09:39:50:758,-0.150,0.020,-0.010,-92.010,-147.300,4.270
09:39:50:791,-0.030,-0.060,0.040,-90.570,-141.810,9.270
09:39:50:824,0.100,-0.130,0.000,-90.370,-136.480,0.320
09:39:50:858,0.150,0.020,-0.020,-92.470,-129.980,-5.310
09:39:50:890,0.150,0.020,-0.020,-92.470,-129.980,-5.310
09:39:50:924,0.180,0.050,-0.010,-91.730,-129.070,-9.400
09:39:50:957,0.180,0.050,-0.010,-91.730,-129.070,-9.400
09:39:50:990,0.210,0.080,0.000,-90.710,-125.690,-10.850
09:39:51:023,0.160,0.030,0.000,-89.610,-126.420,-13.140
09:39:51:057,0.160,0.030,0.000,-89.610,-126.420,-13.140
09:39:51:091,0.160,-0.020,-0.010,-89.910,-123.680,-8.330
09:39:51:124,0.140,-0.010,-0.020,-90.840,-120.450,-8.920
09:39:51:157,0.140,-0.010,-0.020,-90.840,-120.450,-8.920
09:39:51:191,0.160,0.060,-0.060,-91.010,-115.410,-7.990
09:39:51:224,0.120,0.180,-0.100,-94.300,-114.210,-9.590
09:39:51:257,-0.110,-0.210,-0.570,-97.830,-111.320,-8.230
09:39:51:291,-0.110,-0.210,-0.570,-97.830,-111.320,-8.230
09:39:51:324,-0.020,0.100,-0.230,-107.390,-107.850,-0.820
09:39:51:357,-0.020,0.100,-0.230,-107.390,-107.850,-0.820
09:39:51:390,-0.080,0.090,-0.170,-105.850,-105.510,-0.070
09:39:51:424,0.130,-0.180,-0.010,-101.320,-100.960,2.430
09:39:51:457,0.130,-0.180,-0.010,-101.320,-100.960,2.430
09:39:51:490,0.660,0.360,0.290,-96.970,-92.940,-8.510
09:39:51:524,0.430,0.410,-0.580,-74.470,-103.170,-35.980
09:39:51:557,0.430,0.410,-0.580,-74.470,-103.170,-35.980
09:39:51:590,-0.040,0.130,-0.340,-117.130,-69.490,-29.090
09:39:51:624,-0.060,0.470,-0.580,-127.170,-97.640,-6.050
09:39:51:657,-0.140,0.460,-0.140,-128.560,-92.200,-4.600
09:39:51:690,-0.140,0.460,-0.140,-128.560,-92.200,-4.600
09:39:51:723,0.220,0.540,-0.240,-121.840,-88.380,-6.620
09:39:51:757,0.220,0.540,-0.240,-121.840,-88.380,-6.620
09:39:51:790,0.660,-0.980,-0.370,-114.400,-84.730,-11.150
09:39:51:823,0.510,-0.520,-0.100,-110.260,-74.940,-14.220
09:39:51:856,0.510,-0.520,-0.100,-110.260,-74.940,-14.220
09:39:51:890,0.310,-0.370,0.540,-111.380,-70.160,-15.920
09:39:51:923,0.440,0.230,0.420,-110.610,-72.160,-16.060
09:39:51:957,0.440,0.230,0.420,-110.610,-72.160,-16.060
09:39:51:990,0.380,-0.150,-0.050,-67.440,-86.570,-21.890
09:39:52:023,0.290,-0.020,-0.180,-81.700,-66.780,-17.790
09:39:52:056,0.290,-0.020,-0.180,-81.700,-66.780,-17.790
09:39:52:090,0.270,0.000,-0.110,-102.330,-66.200,-16.760
09:39:52:123,0.270,0.000,-0.110,-102.330,-66.200,-16.760
09:39:52:157,0.270,0.000,-0.110,-102.330,-66.200,-16.760
09:39:52:190,0.240,-0.030,0.060,-95.590,-69.870,-14.350
09:39:52:223,0.230,-0.090,0.010,-87.000,-64.980,-12.940
09:39:52:256,0.210,0.000,-0.060,-89.540,-59.720,-11.170
09:39:52:290,0.210,0.000,-0.060,-89.540,-59.720,-11.170
09:39:52:323,0.220,0.030,-0.070,-94.540,-62.290,-12.160
09:39:52:356,0.220,0.030,-0.070,-94.540,-62.290,-12.160
09:39:52:390,0.190,0.090,-0.070,-94.330,-62.500,-12.500
09:39:52:423,0.200,-0.120,-0.020,-94.790,-61.120,-11.620
09:39:52:456,0.200,-0.120,-0.020,-94.790,-61.120,-11.620
09:39:52:490,0.200,0.040,-0.050,-90.700,-60.450,-10.320
09:39:52:523,0.190,-0.060,0.010,-92.970,-62.210,-12.400
09:39:52:556,0.190,-0.060,0.010,-92.970,-62.210,-12.400
09:39:52:589,0.200,0.010,-0.030,-88.120,-60.810,-10.090
09:39:52:623,0.200,0.010,0.000,-91.950,-58.600,-11.850
09:39:52:656,0.210,0.000,0.010,-88.680,-57.310,-11.510
09:39:52:689,0.210,0.000,0.010,-88.680,-57.310,-11.510
09:39:52:722,0.200,0.030,-0.040,-89.030,-61.130,-12.000
09:39:52:756,0.200,0.030,-0.040,-89.030,-61.130,-12.000
09:39:52:789,0.190,0.010,0.000,-92.560,-58.940,-11.870
09:39:52:822,0.190,-0.010,0.000,-89.180,-58.510,-10.750
09:39:52:856,0.190,-0.010,0.000,-89.180,-58.510,-10.750
09:39:52:889,0.190,0.010,0.000,-90.460,-59.450,-10.710
09:39:52:922,0.210,0.000,0.020,-89.530,-61.210,-10.970
09:39:52:955,0.210,0.000,0.020,-89.530,-61.210,-10.970
09:39:52:989,0.200,0.030,0.020,-88.220,-58.760,-12.010
09:39:53:022,0.200,-0.030,0.010,-89.220,-57.660,-11.780
09:39:53:056,0.190,0.000,0.010,-89.380,-61.430,-10.870
